color_hist_0,color_hist_1,color_hist_2,color_hist_3,color_hist_4,color_hist_5,color_hist_6,color_hist_7,color_hist_8,color_hist_9,color_hist_10,color_hist_11,color_hist_12,color_hist_13,color_hist_14,color_hist_15,color_hist_16,color_hist_17,color_hist_18,color_hist_19,color_hist_20,color_hist_21,color_hist_22,color_hist_23,color_hist_24,color_hist_25,color_hist_26,color_hist_27,color_hist_28,color_hist_29,color_hist_30,color_hist_31,color_hist_32,color_hist_33,color_hist_34,color_hist_35,color_hist_36,color_hist_37,color_hist_38,color_hist_39,color_hist_40,color_hist_41,color_hist_42,color_hist_43,color_hist_44,color_hist_45,color_hist_46,color_hist_47,color_hist_48,color_hist_49,color_hist_50,color_hist_51,color_hist_52,color_hist_53,color_hist_54,color_hist_55,color_hist_56,color_hist_57,color_hist_58,color_hist_59,color_hist_60,color_hist_61,color_hist_62,color_hist_63,color_hist_64,color_hist_65,color_hist_66,color_hist_67,color_hist_68,color_hist_69,color_hist_70,color_hist_71,color_hist_72,color_hist_73,color_hist_74,color_hist_75,color_hist_76,color_hist_77,color_hist_78,color_hist_79,color_hist_80,color_hist_81,color_hist_82,color_hist_83,color_hist_84,color_hist_85,color_hist_86,color_hist_87,color_hist_88,color_hist_89,color_hist_90,color_hist_91,color_hist_92,color_hist_93,color_hist_94,color_hist_95,hu_moment_1,hu_moment_2,hu_moment_3,hu_moment_4,hu_moment_5,hu_moment_6,hu_moment_7,contrast,dissimilarity,homogeneity,energy,correlation,ASM,label
8.958049e-05,0.00046581854,0.0014870361,0.0036728,0.009979267,0.021284325,0.046528105,0.0986102,0.10054514,0.0825753,0.07252436,0.057009023,0.04642061,0.04092037,0.037068408,0.03439891,0.039272085,0.042909056,0.046080206,0.04968134,0.050756305,0.06654039,0.06881573,0.09773231,0.10056306,0.14397377,0.21613981,0.5007012,0.59572816,0.31225967,0.29360902,0.24410683,0.0,0.0,0.0,3.507781e-05,0.0007717118,0.0045250375,0.011382749,0.02883396,0.08453752,0.07020824,0.06580597,0.06806849,0.06256127,0.0614914,0.063788995,0.061298475,0.054896772,0.05189762,0.04770582,0.04297032,0.0422863,0.052020393,0.06156156,0.08446737,0.09451716,0.14234576,0.21550052,0.49570206,0.5547906,0.185737,0.3894163,0.34916452,0.0,0.0,0.0,0.00012303423,0.0008788159,0.0051850136,0.01007123,0.012461609,0.015361702,0.017207215,0.017839963,0.01588899,0.021495838,0.030547641,0.042517114,0.061657723,0.090008326,0.11059019,0.114070304,0.09521092,0.085227564,0.0702877,0.08187049,0.09441998,0.10190749,0.1475356,0.2920305,0.5132988,0.48623127,0.18980666,0.3752368,0.35667622,0.7186057087406948,3.8334591039608594,2.5202174801233714,4.185100684457804,-7.598507590098269,6.14222633638008,7.835793196102188,55.49588735322896,2.723983814416177,0.666578921194303,0.09248992365943366,0.989729477971289,0.008554385978527868,logam
0.039260592,0.06221144,0.056761835,0.07016122,0.07971268,0.043518707,0.059769858,0.09235029,0.079927534,0.072153546,0.08022053,0.06262162,0.05984799,0.05883229,0.06426237,0.06473115,0.07014169,0.09018217,0.13258752,0.14282262,0.09617869,0.13248986,0.16667196,0.22466436,0.39625853,0.5844164,0.47073647,0.22698873,0.008301369,0.011602384,0.022560192,0.017325446,0.0,0.0,1.7820568e-05,0.00021384683,0.0013009015,0.0045977067,0.030865224,0.06242545,0.06413622,0.08544962,0.16159691,0.16165037,0.14352685,0.09343324,0.09272042,0.08667924,0.09701517,0.118203826,0.14750084,0.12392423,0.14210121,0.18271428,0.34657443,0.5989493,0.5113968,0.1728595,0.0063441223,0.0064688665,0.0062906607,0.006985663,0.01003298,0.0376905,0.0,3.6546728e-05,0.0002558271,0.001206042,0.0048058946,0.032179393,0.073532015,0.07046209,0.07437259,0.12776735,0.15572561,0.16522776,0.096483365,0.09383372,0.0843133,0.08815071,0.095478326,0.13862173,0.14874518,0.12413096,0.15883207,0.28575885,0.40267184,0.5580685,0.48046157,0.05535002,0.0055551026,0.0060484833,0.006779418,0.0076382663,0.009392509,0.04080442,0.720201005036105,2.382975460671604,2.778821526947419,3.7016319184854165,7.0339633177003495,5.11441498470997,-7.170991977385667,20.71461187214612,1.7823507827788652,0.6657477478823943,0.07548832131839217,0.9954017758911594,0.0056984866554688225,logam
0.005937365,0.023043156,0.16960116,0.22665726,0.21436316,0.15028816,0.13589723,0.13124004,0.14430666,0.19070198,0.27420032,0.27740076,0.23965766,0.27446517,0.20939696,0.1498688,0.101641506,0.086919494,0.07449296,0.06994613,0.10916805,0.50220394,0.3251204,0.036595356,0.03474131,0.029267456,0.024897203,0.018915694,0.017569304,0.017790023,0.016399488,0.056835372,0.00038783235,0.007300373,0.06264633,0.20342946,0.17926979,0.20434201,0.13872992,0.123536006,0.118631065,0.14208351,0.21871462,0.24730015,0.19651693,0.20623554,0.22421272,0.16916335,0.16097324,0.18686675,0.14648655,0.0883117,0.08717102,0.15278313,0.5597105,0.29564232,0.05536877,0.046060793,0.03976422,0.03333077,0.03223571,0.03029655,0.023771841,0.104075946,2.304306e-05,0.002281263,0.019217912,0.063529715,0.18125671,0.1698043,0.18694834,0.19151087,0.1296633,0.13922617,0.20462237,0.26080135,0.20584366,0.18081889,0.21176572,0.18070367,0.13353454,0.14964163,0.19160303,0.14756775,0.09938472,0.08654973,0.13224413,0.48196864,0.41240165,0.056755055,0.046155248,0.036361948,0.0308777,0.030301623,0.032628972,0.13445625,0.5682786545448505,1.9964683214047512,2.8404318437599616,3.4671257982084573,-6.657663833692231,5.787700890010473,7.023194452450477,85.41511232061318,4.121733325179386,0.4589413653279815,0.046013059118506804,0.9877402323248887,0.002117201609443202,logam
0.0,0.04123007,0.4142076,0.08381164,0.0886067,0.056170646,0.046673104,0.03260267,0.068722956,0.024993531,0.02180917,0.023864195,0.02945534,0.03417634,0.033639442,0.035898115,0.031103062,0.030510621,0.037823543,0.07190731,0.123079255,0.29675654,0.536139,0.33154383,0.066649415,0.027215179,0.041267097,0.31980613,0.16975236,0.34707683,0.16434635,0.009108754,0.121375166,0.16394493,0.18865365,0.07083547,0.05594176,0.0754957,0.059688963,0.08384606,0.038289957,0.022216925,0.021360964,0.022026712,0.034866117,0.0394883,0.034561776,0.038099743,0.034029175,0.037414975,0.082020015,0.24874206,0.34831876,0.5507439,0.21087056,0.035436757,0.01690997,0.027238559,0.262057,0.291483,0.43281156,0.08038418,0.0036330759,0.0069618104,0.0,0.0,0.0,0.0,0.0109186545,0.037146132,0.03050411,0.04248246,0.051716957,0.10820255,0.12472245,0.121505514,0.10125775,0.083167225,0.11240348,0.095259115,0.10528838,0.078247204,0.11297118,0.3159219,0.54896045,0.37253997,0.116680115,0.036540594,0.015876519,0.02424055,0.22957559,0.33166596,0.3890031,0.111154556,0.003898168,0.008591108,0.40644313708818575,0.9351274071319939,1.7291198286876752,2.009917290481488,3.880238209544245,2.4829210103725674,-5.095937249844162,1.1868476842791909,0.4429937214611872,0.8251629844216302,0.08313748188116793,0.9998614992230532,0.006911840893541526,logam
0.0037577979,0.0069665113,0.024159724,0.051768385,0.07155259,0.08246565,0.106694005,0.11323155,0.06956216,0.050532945,0.04020329,0.04179907,0.043823816,0.043223254,0.048645467,0.06244122,0.07908534,0.09701639,0.10216406,0.087115705,0.053775974,0.041541684,0.026956623,0.02699094,0.0747613,0.20751967,0.33054894,0.5568919,0.62638545,0.1989059,0.0011496459,0.001938955,0.0,8.204866e-05,0.0011158618,0.007712574,0.017673282,0.024516141,0.03327894,0.04000693,0.04986918,0.07079159,0.11332562,0.1394171,0.13270551,0.10746734,0.093601115,0.070085965,0.04975431,0.047686685,0.048950233,0.07573092,0.08140869,0.048343074,0.047555406,0.14826193,0.24140358,0.45330247,0.6499895,0.42586538,0.0013620078,0.0010502229,0.0013948273,0.002576328,0.24273396,0.03778079,0.023518423,0.024822319,0.029635467,0.036557384,0.05130268,0.072647944,0.07296989,0.05795094,0.042545646,0.03357935,0.02833157,0.02641597,0.025578901,0.024532564,0.024774026,0.02654475,0.027558891,0.03589739,0.077187434,0.077364504,0.08584788,0.20677218,0.3563178,0.49551272,0.6287033,0.28420106,0.0020121855,0.0013360911,0.0013682861,0.0025916947,0.735764184773457,2.3862409883303943,3.6605596078474023,4.701265971075671,-9.506422123872094,6.428833470952954,-8.855590373639886,55.61423679060665,2.7378608121330723,0.6434191468827554,0.08931619082967604,0.991714905724903,0.007977381944323106,logam
0.08032345,0.0993187,0.108205296,0.08932869,0.057626437,0.02932933,0.021486819,0.02234107,0.02269701,0.022768198,0.023041084,0.024073305,0.029720863,0.022447852,0.019956283,0.0200512,0.020715619,0.018591853,0.018817281,0.018734228,0.024025846,0.032141246,0.040339693,0.0452991,0.04515673,0.029495435,0.02228175,0.041905824,0.060960397,0.12958534,0.14225674,0.9496557,0.04645406,0.03289422,0.0413326,0.030642837,0.026999382,0.025796354,0.023390299,0.021981038,0.022084154,0.024610512,0.027257174,0.037379794,0.043326188,0.038909357,0.034819063,0.03646893,0.04026706,0.042707488,0.1086506,0.171019,0.11683119,0.09548604,0.108135015,0.09050207,0.07742343,0.06776484,0.14554918,0.16723806,0.23111883,0.17631233,0.6052949,0.62028116,0.06588185,0.030993892,0.025599888,0.025715267,0.02846996,0.02007608,0.022859618,0.027864214,0.036676344,0.03617156,0.03226307,0.03034488,0.036834992,0.043426063,0.037008062,0.04570481,0.06243488,0.08962124,0.08197733,0.0791361,0.08366476,0.078386135,0.07358345,0.054661166,0.047536466,0.08848186,0.10623592,0.16692568,0.18271829,0.18276156,0.9038851,0.0076727546,0.7134020810170384,2.4942274520088263,3.5680187045565606,4.350405877879274,-8.332979073760187,-5.5987502144447685,-8.71315375548229,217.71301166014348,5.366652397260274,0.6154052172261949,0.15455143148897563,0.9769305868719121,0.023886144975291526,logam
0.010891817,0.008978683,0.013718036,0.01865305,0.022740198,0.024870735,0.028240457,0.03684956,0.06332906,0.09948294,0.12563634,0.1611815,0.16674696,0.1619424,0.20407481,0.21553187,0.2634689,0.2879918,0.27392593,0.32084116,0.2726215,0.21474922,0.3037969,0.34662497,0.27833918,0.20357478,0.12635377,0.00430455,0.0035001645,0.0030871015,0.0023696765,0.005869841,0.0014726631,0.0038329589,0.006556377,0.00954205,0.014706458,0.02053659,0.02566065,0.0299576,0.03437559,0.038127854,0.051523037,0.09657039,0.13056268,0.2111355,0.23514193,0.27393553,0.31305188,0.18987268,0.18603972,0.24754862,0.18708874,0.10393371,0.13082494,0.2306836,0.27871662,0.33108693,0.5040946,0.05900739,0.006072214,0.0054266625,0.0042767753,0.004902153,0.0059331,0.00746973,0.011375332,0.015899854,0.022686638,0.030348446,0.034915652,0.04439154,0.067291595,0.08193227,0.06453847,0.06598973,0.084109165,0.14745247,0.1681543,0.29287744,0.30721933,0.22176562,0.20063695,0.24297965,0.21892712,0.1143509,0.08948737,0.0949296,0.17122756,0.2227687,0.3678095,0.44340318,0.31584153,0.026656266,0.0045245225,0.008131335,0.6428622375406535,2.0311371212119056,2.4017320144706784,3.5553308382481283,6.585051218783218,4.836708628029175,6.871793602760321,183.67323059360731,4.1354268590998045,0.7145524891642423,0.06604414556580333,0.9557156645515594,0.00436182916351702,logam
0.037482377,0.072432704,0.1270214,0.15640917,0.1914592,0.18820938,0.17730361,0.1785198,0.17295726,0.15475437,0.13230482,0.11390257,0.103754416,0.09542057,0.085392036,0.08042762,0.089678586,0.19012338,0.48573574,0.57914263,0.2804001,0.039077375,0.026397165,0.022908114,0.021313118,0.020535558,0.018801002,0.017086383,0.016408509,0.01632876,0.018063316,0.01010828,0.006176553,0.029510198,0.06467214,0.09761376,0.11902985,0.16264923,0.16571732,0.15883431,0.16597973,0.17514363,0.17423531,0.15088148,0.13443087,0.11414512,0.106939144,0.1008837,0.088994846,0.083908275,0.11921151,0.29839212,0.54848194,0.5325763,0.13709526,0.040288888,0.026341183,0.023777712,0.02242533,0.022788655,0.02109313,0.01899391,0.019195758,0.038088746,0.0024986258,0.017115586,0.048327584,0.08482834,0.10244365,0.13763264,0.16118218,0.16578381,0.15599753,0.16374327,0.16971914,0.1634726,0.14783536,0.12934552,0.11258391,0.107086934,0.092823945,0.08718122,0.08037246,0.08339163,0.12797128,0.38847384,0.45266768,0.5517382,0.15799643,0.030920492,0.024778038,0.024382422,0.022987356,0.022071194,0.021446537,0.054948945,0.7120507782669153,2.269547861675959,2.9379496211505693,4.069865853441824,7.80935722721154,5.866037190865202,7.659915191733967,359.2805059523809,9.157116356816699,0.43811952350777,0.0653355030664114,0.9432253200492065,0.004268727960941053,logam
0.0,4.3699954e-05,0.00024763306,0.0007720325,0.002753097,0.0064384597,0.007589225,0.008638024,0.01160962,0.016067015,0.024326308,0.025739271,0.02166061,0.026336504,0.022520043,0.025506206,0.14298624,0.12246183,0.3181939,0.20084499,0.20450121,0.11478521,0.10901681,0.45520782,0.657189,0.3358924,0.0024471974,0.00011653321,2.9133302e-05,0.0,0.0,0.0,0.0,0.0,0.0,2.6658863e-05,0.00013329432,0.0005465067,0.001266296,0.0036655937,0.005558373,0.007477811,0.008570825,0.015382164,0.018554568,0.021500373,0.022846647,0.026858805,0.018887805,0.0509051,0.105155885,0.056183554,0.26206994,0.3399938,0.10939465,0.11044767,0.2122312,0.4722351,0.7087925,0.038615365,0.0025725802,0.00061315385,0.00013329432,5.3317726e-05,0.0,0.0,0.0,0.0,0.0,4.2646527e-05,0.0002843102,0.0007392065,0.0021891885,0.0042788684,0.006866091,0.010434184,0.012083183,0.02285854,0.022346782,0.022360997,0.027180053,0.023896271,0.019233584,0.13472039,0.07248488,0.31515786,0.2605845,0.15234761,0.1082511,0.11710737,0.42999074,0.66792995,0.3551745,0.005074937,0.0009097926,0.00035538775,0.7969093026746588,3.942032862059057,5.428349617237815,8.101916074074527,9.999996995514822,9.963155778883275,-9.99999505429899,20.970895507175474,1.6017459637964773,0.7112697013321532,0.10546102674705064,0.988028490682712,0.01112202816254213,logam
1.6887589e-05,0.00035463937,0.004306335,0.008139818,0.006619935,0.0061808573,0.00812293,0.0119733,0.013949148,0.017427992,0.021244586,0.025382046,0.034214254,0.044296145,0.043519314,0.03718647,0.03340365,0.02723968,0.05098363,0.14513193,0.12532279,0.13327685,0.19493343,0.23255898,0.33000037,0.52663946,0.3603136,0.45138836,0.3362319,0.087562144,0.0008443794,0.0014692202,3.3245324e-05,0.00028258524,0.007064631,0.022058273,0.022440594,0.01361396,0.010206315,0.013048789,0.014877282,0.011951694,0.015026886,0.022158008,0.034741364,0.03409308,0.035123684,0.03347804,0.031516567,0.02616407,0.056350823,0.13369606,0.1268974,0.1315185,0.18906616,0.26285416,0.35401282,0.5132413,0.3641194,0.4516045,0.32613662,0.009591276,0.0004321892,0.0007480198,0.0386425,0.022707276,0.010433977,0.006454351,0.004999614,0.004447817,0.004581586,0.0041468367,0.0044979802,0.006989427,0.012524116,0.024011523,0.03203766,0.03641859,0.037104156,0.036351707,0.031853728,0.03282355,0.06419237,0.13273223,0.12922078,0.13505645,0.19120596,0.26767164,0.37955263,0.50557965,0.3456255,0.43732408,0.33831835,0.009363825,0.00023409563,0.00040130678,0.631816821750074,1.6133122896403949,3.8471933699354754,4.666612500359044,-9.653568079782259,-8.72124833420546,-8.890656969606272,31.33351679712981,1.3900236464448794,0.798883290717178,0.08988608213734527,0.9904745584827453,0.00807950776200158,logam
0.0016243402,0.011026771,0.08516853,0.18504983,0.18052043,0.11815514,0.13218069,0.061287608,0.050120268,0.032455567,0.03208072,0.024708714,0.01697748,0.060178682,0.016399588,0.016665107,0.035876054,0.019164091,0.018617438,0.012526162,0.011417238,0.013900604,0.011979509,0.014822105,0.016524538,0.023662264,0.04010871,0.55860126,0.55844504,0.3412364,0.3678506,0.0014212977,0.0007863138,0.002387024,0.02825113,0.100830704,0.1366501,0.11838235,0.090341836,0.06756682,0.05679713,0.080372505,0.047277115,0.03719545,0.029219981,0.020598613,0.05646014,0.035636865,0.042797938,0.023477083,0.02068286,0.01661088,0.015290995,0.016905747,0.018983861,0.053778246,0.26842788,0.7572483,0.5110478,0.10519755,0.00044932216,0.00033699162,0.00029486767,0.00035103294,0.0012185414,0.0033753598,0.041942198,0.10653708,0.11210582,0.09129313,0.067641236,0.04546378,0.04161319,0.03441161,0.057807606,0.047510933,0.025552815,0.025053212,0.03553267,0.04246617,0.04584153,0.029366849,0.024005266,0.021385403,0.023030434,0.04057743,0.3318454,0.886428,0.21075892,0.0013403957,0.000499602,0.0002558937,0.0002680791,0.00024370829,0.00019496663,0.00018278122,0.7888601196998613,3.3991805875598735,4.102353833695254,5.596076398524885,9.893772394153581,7.39126877979244,9.910907250169464,45.011787548923685,1.7886038405088063,0.738463242547929,0.11972886854081667,0.9952019267384927,0.014335001962064161,logam
0.0,0.0,6.882326e-05,0.0011699954,0.024374904,0.050045982,0.049438044,0.04493012,0.033012222,0.025464607,0.021851385,0.017630225,0.015668763,0.016907582,0.0150722945,0.014900236,0.014521708,0.014682296,0.0164717,0.016001409,0.01456759,0.014039945,0.014533179,0.017962871,0.019717865,0.029387532,0.11467102,0.36771122,0.17411138,0.09025024,0.120326005,0.88570946,0.0,0.0,0.0,0.0,0.0,1.0824048e-05,0.0017426718,0.021875402,0.03890163,0.019407518,0.014764002,0.013746541,0.013281107,0.01636596,0.020230146,0.023531482,0.028402302,0.03539464,0.031985063,0.023304176,0.018379234,0.017221062,0.016690683,0.018779723,0.020890413,0.026735399,0.0474851,0.3227623,0.24049953,0.10373768,0.094277464,0.89769244,0.0,0.0,0.0,0.0,0.0,0.0,0.0,0.0,0.0,0.0003501765,0.004964267,0.018549055,0.025913062,0.017550023,0.01608752,0.017797206,0.018363668,0.0178796,0.016314106,0.015139984,0.0164171,0.016581887,0.016787874,0.019136116,0.024090083,0.03220594,0.05337102,0.32895994,0.22712035,0.11415754,0.10912118,0.89806885,0.7948939567902957,3.542133719203701,4.652636889010869,7.114401360127869,9.999893901460085,9.199602584368815,-9.999577803066362,41.996131971624266,1.8438774054142208,0.7824809154927033,0.33379617960418073,0.9904243181897928,0.11141988951834648,logam
0.09779641,0.2227718,0.2408033,0.30531445,0.27262786,0.30586523,0.34836978,0.27950042,0.22404094,0.17995593,0.13661325,0.13302131,0.122101836,0.12102425,0.11738443,0.11750416,0.11283464,0.1276813,0.12555009,0.12552615,0.28251764,0.21745573,0.21209177,0.038792893,0.029070726,0.025359059,0.02440121,0.01613976,0.013481729,0.015157965,0.024065962,0.09319873,0.019425523,0.14194264,0.23841299,0.2257791,0.27293104,0.25160676,0.310784,0.32787263,0.2950586,0.22753178,0.184226,0.14225909,0.12648498,0.12828635,0.11090562,0.11908478,0.11857358,0.10516073,0.106499575,0.11803804,0.12044798,0.12796989,0.27823776,0.12804292,0.2898736,0.04223469,0.026874408,0.024367103,0.021640714,0.016723476,0.018135356,0.12056969,0.026985792,0.15822013,0.22756937,0.2191566,0.26441583,0.24596764,0.29369828,0.31893662,0.3036588,0.25395602,0.19159663,0.1481847,0.12993622,0.12391996,0.10696959,0.11351008,0.10921632,0.10437336,0.09665956,0.09164186,0.097133875,0.10706944,0.10831763,0.119077,0.2919009,0.083528645,0.27694762,0.096509784,0.02723543,0.021393918,0.020370403,0.13001111,0.7699008194155089,2.7769829286586387,3.7476992017884636,5.290217197235608,9.661633793740176,6.794374755964834,-9.697190955937408,159.85713266470978,4.8921538649706475,0.49332622600529674,0.041544681763915264,0.981594335794017,0.0017259605828649938,logam
2.9861387e-05,0.00026875248,0.002821901,0.008898693,0.014945624,0.019305386,0.030294377,0.04156705,0.059991527,0.07508646,0.09319739,0.11005414,0.080924354,0.07190622,0.06929335,0.04718099,0.029831525,0.049211565,0.0706819,0.07780384,0.11087533,0.15825042,0.15451774,0.15557782,0.16768661,0.16341645,0.13933323,0.87901473,0.008062574,0.0054795644,0.007480277,0.03250412,0.00020539327,0.0023791387,0.005374457,0.0122209,0.019306969,0.022336518,0.027659629,0.03991476,0.055661578,0.07572165,0.096397914,0.1200866,0.11467791,0.09295757,0.08104476,0.064288095,0.05317974,0.08727503,0.11638952,0.16809729,0.19763967,0.1863944,0.23252231,0.20224391,0.15045057,0.76849604,0.30897996,0.004210562,0.004210562,0.005032135,0.0085580535,0.041249815,0.0006841284,0.0022592146,0.0047729886,0.010309655,0.01665773,0.02087387,0.028256092,0.038549837,0.053314283,0.06497628,0.07878613,0.10153738,0.115569964,0.09592116,0.088236645,0.055318937,0.047507145,0.08489556,0.10374886,0.15607673,0.2033134,0.18878761,0.21755281,0.20116556,0.122602165,0.8343025,0.13362777,0.0039456706,0.0036433812,0.004725259,0.007907251,0.03819982,0.7424352863521014,2.5472924199823326,3.489581328175645,4.769580076635705,9.055237198266871,6.063260696188953,-8.96224864954284,63.93151704174821,2.687071917808219,0.6773426127735639,0.11716612408154589,0.986965729963166,0.01372790063229221,logam
1.3348035e-05,4.0044106e-05,0.00049387733,0.0033637048,0.013374731,0.036119785,0.046584643,0.03375718,0.022451395,0.016297951,0.04953456,0.028938541,0.019461436,0.03143462,0.052444432,0.040738203,0.039923973,0.062081713,0.12559167,0.19298589,0.092688754,0.22790435,0.21986884,0.12346932,0.21137948,0.86874354,0.05802391,0.0018153328,0.0007074459,0.00077418605,0.0010144507,0.0023092101,0.0,0.0,4.2937125e-05,0.0005295579,0.0033347835,0.014498436,0.034793384,0.042994376,0.030327924,0.021196628,0.018734898,0.018462963,0.0543584,0.030327924,0.021897934,0.04910576,0.04976413,0.04499811,0.053113226,0.07664277,0.24318157,0.1310441,0.123544425,0.32985732,0.110648975,0.12632102,0.753704,0.42192882,0.0031057855,0.0011020529,0.0009016796,0.0034635947,0.01012045,0.027619291,0.039236613,0.028387597,0.018479094,0.014624315,0.011657063,0.009219677,0.009497857,0.010345643,0.011047716,0.010782783,0.01155109,0.011060962,0.045542024,0.031328354,0.024440091,0.07041926,0.055980396,0.06202087,0.061795678,0.19926953,0.15722463,0.06678967,0.29386395,0.0968331,0.10546993,0.24176483,0.8612185,0.0032454322,0.001019993,0.002543359,0.7977869811035903,6.028506312133513,6.412619125648593,8.291206762318838,9.999999043512627,9.997960832081464,9.999999932929454,112.34026418786694,3.2761537834311802,0.7137235203057299,0.12732249365565876,0.9730684373548213,0.016211017390695266,logam
0.0032503717,0.024251478,0.12671398,0.16767202,0.21689916,0.15893139,0.114049315,0.09488391,0.086480096,0.07925518,0.058843516,0.052123837,0.043686345,0.03861711,0.0359225,0.031813223,0.030112252,0.024537781,0.01935066,0.023241,0.016251858,0.0071575544,0.004698724,0.0048334543,0.008639589,0.16608894,0.2803909,0.28988937,0.41827065,0.683538,0.0007410174,0.0,0.00019660863,0.014925872,0.12330638,0.07433444,0.086098194,0.13718367,0.16072755,0.12773007,0.10862627,0.09507666,0.077283576,0.072909035,0.06125997,0.047890585,0.03925619,0.033669226,0.02688623,0.024887376,0.024510542,0.022741064,0.025788499,0.020561986,0.012353576,0.07444914,0.25044662,0.28613108,0.5411816,0.6504633,0.00036044914,0.0,0.0,0.0,0.003994619,0.00964802,0.021547245,0.023883082,0.021598024,0.035189886,0.08544422,0.048730966,0.03581616,0.043636132,0.05362268,0.06684216,0.08478409,0.08136497,0.07796277,0.08214358,0.10231979,0.11718113,0.12632136,0.12738772,0.09223169,0.045125652,0.025541864,0.17231026,0.23950787,0.36956996,0.6689463,0.45999053,0.0033852702,0.001303329,0.00045701148,6.7705405e-05,0.7614516038762872,3.597772748377162,3.3365201402678104,4.684740116403399,-8.708549678258438,-6.541014673098586,-9.051661384138926,90.99403742661448,3.6172945205479445,0.6283322133347155,0.10282812492375937,0.9902410523446326,0.010573623275336261,logam
0.052303705,0.04070104,0.036201794,0.042706136,0.05451665,0.048244607,0.03363429,0.026995461,0.023975588,0.024831424,0.032106016,0.027655676,0.0740419,0.14447707,0.5737147,0.75715667,0.22388627,0.0314458,0.015441697,0.016040782,0.01527053,0.01247073,0.010355596,0.008900678,0.0070422944,0.0067610918,0.0057952213,0.0050249705,0.005232816,0.0064432104,0.0077025094,0.032692872,0.0025553235,0.011867513,0.02346475,0.031683557,0.033600047,0.032629516,0.041401155,0.039902363,0.04345279,0.033563193,0.029668782,0.037863016,0.028857958,0.062261444,0.12793818,0.459516,0.80907935,0.30654055,0.035098843,0.012924041,0.014324554,0.014459692,0.013882287,0.013734864,0.014263129,0.015700499,0.016044484,0.015368798,0.013698009,0.01259234,0.012469488,0.05496403,0.00083004776,0.005961252,0.011130186,0.020449357,0.027580222,0.027567646,0.033189334,0.042445622,0.044483013,0.046344332,0.035968736,0.037176076,0.03877329,0.03258566,0.05307275,0.14583687,0.36462992,0.795802,0.43236685,0.0433134,0.012488445,0.012941198,0.016211083,0.016739296,0.016123049,0.01647519,0.017192049,0.01736812,0.01608532,0.015443918,0.014714482,0.061348073,0.7973731673080414,4.225863797198385,5.231184847587121,8.111876000265207,-9.999997098315285,-9.887485513509208,9.999993615741582,186.85651092628828,4.339683219178083,0.6633688920890953,0.12037202540459159,0.9436145557247935,0.014489424500003643,logam
0.04085247,0.047424093,0.05506276,0.058230013,0.08277198,0.07035703,0.06908674,0.07122082,0.06888349,0.06895124,0.06712203,0.05894137,0.05506276,0.051421266,0.04557794,0.039903987,0.03958218,0.0380409,0.03653349,0.03587294,0.1367677,0.51690567,0.3306306,0.2472489,0.53507924,0.43907934,0.004708535,0.004827095,0.004115734,0.0046577235,0.0047593466,0.00030486917,0.008958995,0.025867064,0.042335328,0.04815053,0.049860884,0.06514004,0.07261673,0.06232203,0.06439074,0.06483055,0.06106777,0.065286644,0.060334764,0.054242644,0.049421076,0.04562572,0.04243306,0.03707395,0.03642239,0.035575356,0.034288518,0.033180863,0.0905673,0.5116564,0.26837894,0.22104286,0.41079438,0.6196856,0.004854147,0.0044143414,0.0041862945,0.0075581344,0.0051083085,0.019108858,0.03649775,0.04530399,0.050584298,0.05097989,0.06819678,0.0727203,0.06417205,0.065702826,0.06456765,0.061867293,0.06664881,0.060869712,0.054351028,0.0503435,0.04599198,0.04138246,0.037718926,0.033109408,0.032610618,0.032731015,0.033212606,0.03431339,0.056758985,0.54490346,0.31587234,0.2076691,0.324541,0.59376776,0.19805446,0.011936586,0.7765110854003624,2.989335712446466,3.4913567251390285,5.12558272588249,9.573528122714505,6.998751089760441,9.368531750195848,209.37834311806915,5.518876386170905,0.6319650554395224,0.10119155427990327,0.9739048464818106,0.010239730657582609,logam
0.10538745,0.09644158,0.042637672,0.05969274,0.076538645,0.09505787,0.09356153,0.086176366,0.058711268,0.04366741,0.045405097,0.04838169,0.04427882,0.045517724,0.04376395,0.04825297,0.051165204,0.046000414,0.045565993,0.21207817,0.40037578,0.16026938,0.21001868,0.76781595,0.23164323,0.0047464576,0.00020916593,0.0,0.0,0.0,0.0,0.0,0.01429305,0.1569559,0.0038899938,0.002212657,0.024071567,0.050034598,0.08167202,0.09223568,0.10649304,0.08427725,0.08511592,0.07357085,0.069555946,0.08333152,0.060616095,0.057047293,0.056244314,0.10643951,0.19030634,0.17137384,0.13755946,0.3747777,0.4972411,0.31608877,0.56529814,0.0285861,0.004710818,0.0035152696,0.002266189,0.0019093088,0.004710818,0.0018736208,0.013176,0.12990737,0.011626822,0.0025074326,0.0034656872,0.04288189,0.056537017,0.07297108,0.06768471,0.06835549,0.07207671,0.069201946,0.06145606,0.067365296,0.06934568,0.063644074,0.14217304,0.22287403,0.12372663,0.10893757,0.37785572,0.070016466,0.03690877,0.03269245,0.039943244,0.04850365,0.03005725,0.023620974,0.03508809,0.14704415,0.8126158,0.015747316,0.7978412718424261,5.533580103811979,6.494295116342869,8.594259877931984,-9.999999980392268,-9.994626851617594,-9.99999970343378,63.31949710534899,2.7446948385518586,0.669248269336133,0.09774875338195604,0.9906718543695423,0.009554818787726464,logam
0.08183987,0.05632828,0.06715895,0.11458169,0.110217094,0.08561664,0.05972297,0.040721543,0.031066526,0.04107424,0.09162714,0.04673205,0.07410997,0.1993019,0.2947058,0.11827029,0.8034238,0.3717843,0.04471875,0.018428298,0.016194565,0.014254744,0.012065098,0.00961093,0.007685805,0.005804767,0.0056431154,0.0057165935,0.00576068,0.0074212844,0.010360407,0.037326857,0.0030393056,0.012157222,0.02670247,0.049993474,0.05163718,0.051621675,0.08021595,0.104933575,0.09431151,0.07626176,0.0588943,0.106608294,0.06162347,0.062212724,0.16930172,0.34697706,0.122843765,0.58469415,0.6462866,0.069997065,0.027927496,0.017662087,0.018685527,0.017476007,0.017848168,0.019833019,0.018359886,0.018127287,0.017569046,0.015056968,0.015522168,0.06435265,0.000116674586,0.0019688837,0.008196389,0.016305273,0.03049582,0.040296484,0.051993113,0.055799622,0.08087007,0.09072907,0.092654206,0.073009126,0.06613991,0.09705867,0.0534953,0.14957681,0.28082114,0.14700998,0.22022328,0.85532683,0.18452086,0.03491487,0.018376248,0.017092828,0.018303325,0.018842945,0.019615915,0.018828362,0.019586746,0.01929506,0.017997054,0.067933775,0.796973817768793,4.0427917432017635,5.184378556475387,7.852870634359245,9.999989742603406,9.796977463882424,9.999984887210713,200.7966609589041,4.952921151337247,0.5955480555954397,0.09236379570242775,0.9507024159903191,0.008531070756559811,logam
0.06926766,0.022232931,0.0025994487,0.0014067604,0.003776846,0.016376527,0.04307439,0.06795265,0.060414243,0.078793876,0.074481845,0.05827352,0.04899196,0.039297547,0.030688785,0.028074045,0.026162686,0.022798693,0.020306282,0.019878136,0.017079907,0.022263512,0.047187638,0.07192827,0.323876,0.549921,0.14910132,0.2758015,0.65974003,0.10536941,0.017813869,0.031376872,0.06087102,0.027615892,0.0029907296,0.001175461,0.0010713062,0.007424747,0.025101298,0.057746377,0.07081036,0.070215195,0.08058603,0.06247798,0.05372898,0.04273321,0.032540925,0.026321398,0.024610283,0.023330668,0.020622645,0.023925837,0.04734578,0.05654116,0.2321461,0.58280545,0.17725654,0.37668315,0.62211645,0.02649995,0.018003896,0.013197897,0.014358479,0.042524904,0.07290407,0.018820843,0.0022877848,0.001189648,0.0010828848,0.010706833,0.02948192,0.06581194,0.07580194,0.07240076,0.07943189,0.06263955,0.052268256,0.042186752,0.031113874,0.026401037,0.024189511,0.023091374,0.023243893,0.04162243,0.05066681,0.104384,0.3774845,0.51536167,0.17675425,0.66908556,0.23362859,0.02505887,0.018134508,0.01381822,0.015419669,0.0421715,0.7981545706135822,5.821330133837764,7.5482710222410185,9.999213443723457,-9.999999999999947,9.99999999250289,9.999999999999984,119.15820694716241,3.650083577951729,0.6845006604092874,0.10612898816535196,0.9810965472158685,0.011263362129001418,logam
0.0011941643,0.005420569,0.010419669,0.013030439,0.022653997,0.026096001,0.026271613,0.08923451,0.11784762,0.07918948,0.08113292,0.06754053,0.071848884,0.065117076,0.06928494,0.056804754,0.050494414,0.048960734,0.04795389,0.04290796,0.044277735,0.079587534,0.9405214,0.19702539,0.009927954,0.0042498196,0.0037229825,0.002973703,0.003898595,0.005373739,0.009822587,0.0070010806,1.3253847e-05,0.0003048385,0.0034857618,0.009092139,0.012683932,0.019045778,0.028747594,0.029344017,0.04471848,0.14779365,0.10220042,0.09411557,0.08071593,0.0799207,0.074579395,0.079403795,0.068959765,0.060676113,0.056262583,0.056289088,0.050417636,0.0460041,0.060888175,0.7522088,0.5830367,0.018197533,0.0077535007,0.004493054,0.003724331,0.0042014695,0.0062823235,0.020251878,0.0,3.5656336e-05,0.0013549407,0.0049800016,0.00934196,0.013050219,0.02150077,0.02562502,0.02627872,0.08274647,0.11716672,0.0794542,0.07852714,0.06563143,0.067331046,0.066201925,0.06703391,0.05935591,0.05338942,0.04761309,0.04511715,0.04433271,0.040398628,0.042395383,0.09375239,0.9380231,0.20457228,0.0085931765,0.004112364,0.0035062062,0.0051701684,0.020181486,0.6857380029402811,1.8996991422960094,3.2671032000164004,3.99924082721527,7.87981123960668,5.414288341740859,7.712387913438591,181.4669663242009,4.48165362035225,0.6899760932899748,0.14064778333422784,0.9636628239646007,0.019781798956831898,logam
0.0015966704,0.0030941688,0.008717226,0.012694025,0.013874173,0.019755077,0.01920963,0.0141816065,0.012277503,0.01154363,0.012495682,0.013527071,0.012951873,0.012674191,0.014221275,0.01448904,0.016383227,0.01850551,0.043873727,0.17420566,0.49211168,0.8337892,0.1641992,0.0013685747,0.0013784919,0.0014479123,0.0013090714,0.0009223003,0.00095205195,0.0010908928,0.00072395615,0.00023801299,7.77614e-05,0.00096229726,0.0025078051,0.0037714278,0.004840647,0.0081455065,0.010108981,0.010274225,0.014065092,0.019051543,0.015795283,0.0114212055,0.009797936,0.01169337,0.013277759,0.013083355,0.013102795,0.01279175,0.014609423,0.01672842,0.0637935,0.10878819,0.30880022,0.8819503,0.32895014,0.0018468332,0.0016913104,0.0015455078,0.0015843884,0.0011761411,0.0018857139,0.0029452129,0.00020449793,0.0013070086,0.0028451886,0.0029163184,0.0024984314,0.0021872388,0.0044100424,0.00695293,0.006872909,0.009264646,0.012269876,0.017693518,0.014217053,0.011318516,0.009558056,0.010873956,0.012421027,0.012172073,0.012269876,0.011887554,0.014901676,0.016519876,0.022139125,0.064612456,0.18099846,0.34064022,0.9186492,0.016573224,0.001529289,0.0014581592,0.0017515693,0.0041699796,0.7399095523974906,2.2342377315157633,3.292991976039456,4.337910214302011,8.250692135665046,5.646599799278504,8.351451543834537,41.37124408838878,1.3352138372472278,0.8384301103987313,0.22944834364038258,0.9793630942564945,0.05264654239931509,logam
0.040622227,0.1956515,0.108383164,0.054012112,0.038172096,0.031867303,0.034270614,0.04826913,0.05248273,0.04394629,0.02935475,0.02314359,0.01743182,0.016386224,0.01490366,0.01490366,0.013655186,0.018321358,0.026639316,0.03225745,0.20033328,0.33612046,0.39323816,0.20122282,0.56780607,0.509315,0.0036673928,0.00039014817,0.00068666076,0.00053060154,0.00020287705,6.242371e-05,0.009773766,0.10277181,0.15067665,0.063757084,0.03503828,0.02928113,0.02968279,0.048614442,0.049310654,0.033230804,0.025023516,0.019855471,0.01724467,0.015316695,0.013736826,0.013455663,0.011407189,0.010269148,0.010844863,0.04242885,0.0911504,0.14687425,0.34501392,0.351802,0.12322978,0.8130166,0.027768204,0.00044182775,0.00054893753,0.0004686052,0.0002008308,9.3721035e-05,0.0049555725,0.0545113,0.073617786,0.078986324,0.08698407,0.06282565,0.060292803,0.043141015,0.034028266,0.033876844,0.028301826,0.025755212,0.022024767,0.020648219,0.018294323,0.015183324,0.013655356,0.012017264,0.0746502,0.107825,0.09041167,0.041227613,0.016656231,0.0075021866,0.006579899,0.006538603,0.007020395,0.014797891,0.070795864,0.38179934,0.40290183,0.7885968,0.6187759023354394,1.5099618348390043,5.5871032239710985,6.5595984666791445,9.999909780527222,-7.671246031847421,9.998994575083842,78.84344932322247,2.9898024706457926,0.7000879001000421,0.14537249936748933,0.9920982751000432,0.021133163572350684,logam
0.6291261,0.4621373,0.29572934,0.15800753,0.08964243,0.05781143,0.053419974,0.05813725,0.04465122,0.026022935,0.021603145,0.014265158,0.011729445,0.010907818,0.008485432,0.0071113305,0.0062330384,0.0064030304,0.0055247387,0.0050714267,0.004178969,0.003867317,0.0035981631,0.004164803,0.004363127,0.0054680747,0.006530524,0.010596165,0.06718932,0.29710343,0.40458086,0.0014874296,0.0,0.0,0.0010955171,0.026412232,0.17432415,0.29722747,0.35183215,0.38673463,0.25780597,0.18343064,0.13841173,0.10046234,0.08141061,0.058986746,0.0684527,0.06104084,0.037898045,0.031376295,0.028226683,0.02535095,0.022629274,0.016912045,0.015782293,0.013129087,0.011023641,0.01116058,0.0136083765,0.029031202,0.58004206,0.34137338,0.00025676182,0.0,0.0,0.0,0.0,0.0,0.0,0.0,0.0,0.0,0.00023753365,0.005883526,0.042847417,0.121379696,0.16720542,0.20230559,0.22054087,0.23185112,0.21611908,0.19771937,0.17791271,0.1431597,0.1183283,0.11492974,0.11750607,0.089349195,0.08472643,0.08381283,0.079811305,0.07347099,0.68999875,0.34742036,0.022236804,0.043633103,0.7919164723029481,4.034228488423322,4.1881680642451755,6.14062896498966,9.999766090525425,-8.206861050157059,-9.979005704224226,69.96535591976517,3.9565496575342474,0.501203929478759,0.08667145954037296,0.9928501121040592,0.007511941898858506,logam
0.0049066725,0.038272046,0.010605961,0.021539034,0.033868622,0.028836137,0.021627102,0.02180324,0.0201551,0.023501702,0.022583274,0.022470044,0.025476953,0.033856038,0.035491597,0.024810148,0.018997628,0.014820667,0.011876663,0.011914407,0.016292669,0.039731465,0.069750234,0.19080664,0.8204837,0.4551882,0.17928226,0.10465051,0.14799279,0.0019123441,6.290605e-05,0.0,0.0017982661,0.04209227,0.0023891248,0.00097620155,0.00097620155,0.0026973991,0.010982268,0.021270918,0.03018518,0.038958147,0.037866343,0.03415421,0.036671784,0.03177793,0.0200892,0.016402755,0.015657758,0.018650588,0.025047276,0.036132302,0.065623865,0.14942306,0.6644593,0.6547872,0.21931139,0.12478682,0.16023834,0.013846648,0.008143576,0.010237272,0.01190709,0.017841367,0.009817295,0.034496702,0.002217645,0.0010634322,0.0007781211,0.0011153069,0.0037609187,0.010789946,0.019595683,0.027765954,0.03973605,0.04658352,0.04715414,0.03252546,0.023110196,0.018078348,0.01717054,0.01647023,0.026961897,0.05199146,0.10922226,0.3105222,0.8021132,0.41563338,0.17244461,0.13081513,0.11370943,0.007444025,0.006847466,0.0072754323,0.011191975,0.03134531,0.7937740085440045,4.83616677694571,6.083031920476212,6.5607433782326,-9.999721533362258,9.200306991193814,9.999504463897596,85.53315088878016,2.4881207191780814,0.7565172547496716,0.11841394948791023,0.9756555411958524,0.014021863433325355,logam
0.17248298,0.08912704,0.07547731,0.09696628,0.1349216,0.12217791,0.110576615,0.10334797,0.08388775,0.07057285,0.05891248,0.06332451,0.057120092,0.057967044,0.050482344,0.04831572,0.055701938,0.062221505,0.059404895,0.059739735,0.07084861,0.083631694,0.09651326,0.09749809,0.13326707,0.3159135,0.5065764,0.5383076,0.38892874,0.0053180773,0.0025605557,0.00041362824,0.0007175081,0.007628244,0.028435979,0.06855979,0.07420544,0.097769916,0.09051931,0.07711324,0.07010809,0.072090685,0.07258161,0.07309142,0.08440161,0.092464134,0.09006615,0.0861765,0.07835944,0.07454532,0.069277294,0.07513065,0.06937171,0.06487784,0.07367675,0.0888766,0.095938385,0.09826085,0.11838884,0.2457654,0.3874166,0.38983348,0.68803364,0.008628979,0.00022004686,0.0033478558,0.014177305,0.0213917,0.017760925,0.018499654,0.036480624,0.0580295,0.068010196,0.050437883,0.05138094,0.060465734,0.0596327,0.04503102,0.048567485,0.052213974,0.058862533,0.06713001,0.06576257,0.07146808,0.07891823,0.082910515,0.082454704,0.07704783,0.07970411,0.08683992,0.08627409,0.08597545,0.10629835,0.19769639,0.4595207,0.7977013,0.755127088548675,2.955244817769218,3.905040180599704,4.901989417191234,9.993727153666274,6.647914379006938,9.225580089249164,151.7764442677756,3.784506482387475,0.6099259279912904,0.096631130136491,0.9844232174338168,0.009337575311455458,logam
0.039494004,0.039340924,0.033504844,0.035418313,0.04887,0.053577136,0.050018083,0.06622517,0.10558523,0.13514833,0.14295529,0.13763584,0.15037954,0.16046353,0.30803028,0.33734462,0.29974493,0.3480409,0.20225368,0.071066245,0.1198023,0.40420124,0.47101957,0.0014542366,0.000248751,7.653877e-05,0.00013394284,0.0,0.0,0.0,0.0,0.0,0.017004348,0.038763553,0.02570096,0.030844687,0.03975341,0.038763553,0.038074188,0.046682417,0.09241033,0.10004638,0.119012766,0.07256014,0.08740801,0.17720228,0.29009914,0.27961725,0.20046395,0.07577718,0.068689086,0.037013624,0.19240367,0.6842041,0.1531452,0.20237297,0.35907105,0.002280209,0.0008484499,0.0007777457,0.00088380196,0.0009898582,0.00072471757,0.0016615476,0.020183533,0.02517793,0.028198594,0.03549281,0.032523636,0.031631168,0.034325738,0.04572188,0.082467586,0.101363905,0.09183851,0.061597537,0.11353238,0.18949524,0.2324539,0.23422167,0.09183851,0.034840625,0.027134497,0.034308575,0.17279576,0.16953482,0.048090357,0.043078803,0.058302265,0.047300868,0.04319894,0.019273901,0.01381611,0.06492713,0.39725175,0.7484384,0.7333602367136426,2.187686368357666,5.855052427865857,5.818135627635438,9.990488955136398,6.920098212434639,-9.999959702757113,26.82535265818656,1.7780903457273318,0.7019594883157699,0.07879879253175556,0.9952624342509134,0.006209249704462656,logam
0.1906538,0.19427164,0.19291495,0.22110912,0.18758175,0.16180466,0.12366143,0.09529571,0.04378831,0.03868903,0.041698694,0.031796426,0.029940724,0.024935009,0.01794884,0.013785209,0.013987932,0.015063927,0.012755996,0.0048341793,0.0040232847,0.004802991,0.00562948,0.005504727,0.006003739,0.0072200806,0.0083584525,0.022034502,0.13948947,0.5642423,0.6377062,0.0043975436,0.00040318008,0.0033060769,0.009353778,0.040995352,0.12503421,0.13371065,0.14540286,0.15209566,0.1683035,0.13829078,0.096392296,0.1170835,0.09140899,0.08905442,0.091844425,0.051736068,0.03460898,0.03102874,0.034931522,0.031980246,0.031109376,0.03328655,0.026787285,0.022545831,0.022561958,0.02381988,0.07423352,0.40205118,0.7882977,0.15885295,0.00022578085,0.0,0.0,0.0,0.0,0.0,0.0,0.0,0.0004734941,0.0020008944,0.0063539855,0.0279667,0.058255047,0.086084284,0.09836458,0.10050294,0.115746394,0.1236736,0.11232502,0.09575272,0.084343046,0.06723616,0.054406,0.06138622,0.082372695,0.0735596,0.07409419,0.08819209,0.18026379,0.5779988,0.7082708,0.02605745,0.03063965,0.06667102,0.7981307272566984,5.512977185078683,6.576373656831573,9.959191118125055,-9.999999999931317,-9.99992924067368,9.999999999991935,110.39935991519897,4.733844993476843,0.5439624868174515,0.10229489204108244,0.9886137469616614,0.010464244937696713,logam
0.132572,0.7257577,0.39941007,0.17529,0.097411014,0.06597043,0.055506837,0.037635695,0.030709798,0.02700602,0.026889758,0.032520164,0.031224674,0.032320857,0.024165904,0.027720202,0.033848874,0.03567585,0.03481219,0.017406095,0.006925898,0.005929366,0.0070753777,0.011260813,0.011775687,0.088724576,0.14295253,0.22237614,0.30311185,0.20171471,0.08262912,0.13710621,0.0,0.0,0.02699723,0.15744229,0.6822143,0.37653655,0.1828902,0.116999865,0.07301362,0.049043782,0.053371172,0.048420493,0.029330105,0.025323259,0.023560248,0.019517787,0.019802717,0.02076436,0.031698596,0.041510914,0.040175296,0.030612294,0.028795859,0.038216397,0.053335555,0.14727381,0.19184773,0.22936961,0.33634347,0.21444634,0.08653004,0.12585054,0.0,0.0,0.0,0.032677688,0.07684081,0.3724348,0.5001559,0.3540051,0.17712554,0.110445656,0.08045485,0.05752181,0.056897394,0.05197777,0.036121424,0.024598142,0.022743821,0.021835582,0.023387156,0.027171487,0.02512795,0.032677688,0.043690085,0.044711854,0.04927197,0.16594285,0.24162945,0.35568914,0.38473386,0.16942443,0.120530896,0.060322214,0.780460204938608,3.169421469664375,3.665969715201266,5.745547687623935,-9.878311294698664,-7.537308909110445,-9.941841381334454,59.44660693900848,3.439778008806262,0.5309534048825006,0.05290541524123093,0.9959412523277649,0.0027989829618470696,logam
0.0,0.0,0.0,0.0,0.0,1.5047115e-05,4.5141343e-05,7.523558e-05,0.005747998,0.014008864,0.018222056,0.024451561,0.03990495,0.03448799,0.03253186,0.03572185,0.053041082,0.11959447,0.13647734,0.18431212,0.24168676,0.19547707,0.16109441,0.12236314,0.2297544,0.42815062,0.7325538,0.11557689,0.016416403,0.007463369,0.0057931393,0.0034156952,0.0,0.0,0.0,0.0,0.0,1.4344042e-05,4.3032127e-05,0.0003729451,0.005450736,0.014401418,0.020382883,0.028200386,0.040306758,0.03264704,0.035056837,0.044337433,0.07291076,0.12911072,0.15414107,0.27029914,0.2615923,0.15524557,0.16829865,0.38132203,0.7611953,0.16448313,0.017055066,0.014745675,0.016495649,0.009926077,0.010342054,0.0117764585,0.0,0.0,0.0,0.0,1.4865287e-05,4.459586e-05,0.00025270987,0.0017392386,0.0063474774,0.010554354,0.023992574,0.039437607,0.045398585,0.035780746,0.03961599,0.057171892,0.09818522,0.1428554,0.19449742,0.27289695,0.22781053,0.1545098,0.2647359,0.6078267,0.57338387,0.04400125,0.015207189,0.014374733,0.014017966,0.012858474,0.0073137213,0.017808614,0.6612902525447585,2.215095765382367,2.6104077894411777,3.5258243868417964,7.46758061304689,4.814931371033862,-6.59766644499531,16.638372472276586,1.3604655903457277,0.6914644117581525,0.08774868218878903,0.9908042936696493,0.007699831225869101,logam
0.013056976,0.037407607,0.03487458,0.05246581,0.08102882,0.04199784,0.046000298,0.043887112,0.043173388,0.04563644,0.063395604,0.0745773,0.09142682,0.06403936,0.04057039,0.03131995,0.031487882,0.028395073,0.026519796,0.026449822,0.032915335,0.04642014,0.08631878,0.42896295,0.45724607,0.73845387,0.034188844,0.0027149552,0.0011055745,0.0014414453,0.002658977,0.0013154938,0.005296078,0.02086035,0.034016035,0.031339824,0.04993244,0.079497516,0.03355122,0.039396625,0.042509478,0.043720815,0.04139674,0.053157978,0.0684828,0.09294899,0.0709759,0.051566336,0.033677988,0.031875066,0.025057774,0.027536789,0.026100088,0.026409965,0.033227257,0.046340685,0.14420545,0.45116672,0.36145735,0.76993144,0.025198627,0.0028452335,0.0012676783,0.004338277,0.004635697,0.02055642,0.033608805,0.024815466,0.025872985,0.024062166,0.020078363,0.02135318,0.030899819,0.047269624,0.050137963,0.061060824,0.10239096,0.095915474,0.09692953,0.06914432,0.044357825,0.03795477,0.02913246,0.025061738,0.023656541,0.025336983,0.02471406,0.025090711,0.033956483,0.046052754,0.077647924,0.52794796,0.54078305,0.60165554,0.05089126,0.005200673,0.6890350765292533,1.8945015685339912,2.929441519613049,3.8597547807290233,7.261429341522458,4.811167633227457,7.974563564819255,82.49143325994781,2.6083098907371167,0.7010652540995468,0.11598939678075798,0.9896533544727864,0.013453540165564111,logam
0.027616624,0.027935803,0.027814211,0.02565595,0.03248031,0.03982144,0.033513844,0.10463007,0.035520114,0.024455227,0.026947867,0.030139662,0.03641686,0.14556104,0.41870266,0.04260286,0.13400978,0.2191699,0.27601424,0.13891907,0.41485733,0.6671459,0.017646065,0.006246798,0.004650901,0.0039669448,0.0036021683,0.0031006006,0.003404581,0.004073338,0.0041645323,0.00746272,0.0002464319,0.0014785914,0.0098572755,0.023599477,0.019627577,0.017250232,0.01830844,0.020526327,0.041994896,0.09773199,0.04277768,0.037573617,0.02974578,0.032659475,0.11217,0.423312,0.04783678,0.08620767,0.17722802,0.23526998,0.16655897,0.25549188,0.76720047,0.10224025,0.008161245,0.006972573,0.007204509,0.008538141,0.008639612,0.009031004,0.011089436,0.023498006,0.0,0.0,3.090222e-05,0.00080345775,0.00375462,0.008080931,0.014384984,0.0201637,0.024072831,0.027920157,0.03559936,0.11523438,0.046585098,0.048222918,0.041918863,0.074721575,0.21078405,0.34049612,0.051683966,0.16248389,0.22876915,0.2612165,0.1266991,0.73026586,0.32904685,0.045951605,0.008807133,0.009564238,0.010645815,0.011387468,0.013241602,0.035274886,0.6848119696018007,1.9376263631467603,3.2116202693062803,4.247982822536671,7.987028236938496,5.216904698580055,-8.57154498386683,126.1474437377691,2.9664668949771693,0.7571043626804428,0.11495864449104069,0.9593597959316429,0.01321548994321748,logam
0.00041568684,0.0011355347,0.0019364923,0.002321763,0.0026867564,0.007441808,0.015349996,0.02282222,0.017965782,0.01860452,0.016191509,0.010544252,0.008171795,0.008171795,0.0073606987,0.0067827925,0.005566148,0.0058601703,0.0061947475,0.006965289,0.012095473,0.064766034,0.5374729,0.47102386,0.6935988,0.039753854,0.0006083222,0.00045624163,0.00026360629,0.00024332888,0.00024332888,0.0003345772,0.0,3.089007e-05,0.00029860402,0.0008443286,0.0014930201,0.0018739977,0.0018431076,0.0018534043,0.0023682388,0.003953929,0.0072385734,0.010873306,0.012119205,0.016248178,0.017988319,0.016907167,0.012448699,0.012644336,0.0116764475,0.011944161,0.009761263,0.009112571,0.01297383,0.3158201,0.32380003,0.41450357,0.7883043,0.00079284515,0.00061780144,0.0006795816,0.0009678889,0.002430019,0.0,2.2337383e-05,0.00022337382,0.0008823266,0.0007929771,0.000904664,0.00119505,0.0020103646,0.0021108827,0.0021220513,0.0033059327,0.0047243563,0.0064666723,0.009772605,0.01186115,0.013223731,0.017277965,0.01570318,0.015010721,0.011492583,0.012307898,0.01203985,0.016496157,0.013592297,0.014865528,0.033751786,0.26633978,0.66512907,0.5400732,0.43244055,0.0667441,0.002970872,0.7412658494969278,3.1148340984818934,3.7517631583169475,4.097131523477342,8.981543823412009,5.696906698277315,8.019162225615887,11.507583170254401,0.6672680202217873,0.8855265266154295,0.17605450496098962,0.9916992505502594,0.030995188717059124,logam
5.671449e-05,0.00022685796,0.0008318125,0.003100392,0.0067112143,0.009773797,0.012628426,0.024009133,0.048396364,0.09013823,0.11934619,0.14883773,0.13944203,0.13588792,0.1103664,0.08333249,0.065467425,0.05656325,0.05858607,0.061176028,0.113807075,0.35249946,0.19880319,0.15309131,0.15163563,0.23547857,0.31843296,0.31302616,0.63092977,0.06677186,0.0040078238,0.0034784887,0.0,0.00011650163,0.0002524202,0.0017281076,0.005417326,0.0098055545,0.012640427,0.019552857,0.036756266,0.075473644,0.11217166,0.15003468,0.15121911,0.14438435,0.12292864,0.09413332,0.07753184,0.08188123,0.08681314,0.36208707,0.21636295,0.18451917,0.16164601,0.21457659,0.28092426,0.33767998,0.542451,0.3127098,0.007261935,0.005669746,0.004194059,0.0046018143,0.0,9.435747e-05,0.0002830724,0.0019437639,0.0058501633,0.0101151215,0.012757131,0.021570118,0.040385,0.078109115,0.11464433,0.15076438,0.14738637,0.13974342,0.11532371,0.08765809,0.078562036,0.07822235,0.099509396,0.37652406,0.22283462,0.1721269,0.16382344,0.25280255,0.29643345,0.33345932,0.59224415,0.097320296,0.007246654,0.005114175,0.0038686565,0.0035667126,0.7600688883204612,2.6677945482950336,3.567178783665105,5.632807164133162,9.825134124812207,7.1961289430477455,-9.882537160746747,153.1883001060013,5.259494251467711,0.5989874477675334,0.07570682958632283,0.9644216184957587,0.005731524046012526,logam
0.0,0.0,1.9734036e-05,0.00013813825,0.00045388282,0.0025851587,0.007696274,0.020898344,0.044954132,0.06756934,0.10011076,0.15224808,0.21466684,0.33046618,0.33464977,0.2592855,0.18299371,0.22713876,0.23509157,0.24868833,0.25437173,0.4436014,0.35781753,0.12185767,0.086178534,0.079251885,0.06350413,0.028910363,0.005920211,0.0033350522,0.0029009033,0.0025654247,0.0,0.0,0.0,0.0,3.875492e-05,0.0001937746,0.0011238926,0.0049993847,0.014823756,0.03577079,0.06315114,0.09717796,0.16083291,0.21917844,0.30213335,0.3431942,0.27705893,0.196003,0.2460356,0.24183069,0.2307274,0.34827107,0.46168736,0.23506796,0.09140348,0.088903785,0.07580462,0.05231914,0.012672858,0.004592458,0.0024609372,0.0023059177,0.0,0.0,0.0,0.0,0.0,0.0,0.00017063967,0.00091007823,0.004228072,0.0128548555,0.031738978,0.059515323,0.09756797,0.1499733,0.21246535,0.2907131,0.3530914,0.26098388,0.19925025,0.23555858,0.26153374,0.26519302,0.33360055,0.49149913,0.18040405,0.09366222,0.08799319,0.06480516,0.026752507,0.005612149,0.003621353,0.003981592,0.7584031244218733,2.5345063331127586,4.096376583253285,6.242279523669781,9.984401244652942,-7.6291687268783495,9.994469903524013,88.06123104207438,4.360052796803654,0.4779206556967045,0.046151132548366364,0.9625071307579489,0.0021299270354968813,logam
0.0,0.00011013051,0.0021414266,0.012077646,0.014720779,0.007366508,0.0020924797,0.0008688074,0.0009422277,0.001015648,0.0016519577,0.0026798425,0.008308736,0.007305324,0.009556881,0.009838326,0.015442746,0.022650175,0.037603453,0.09707393,0.047037967,0.06764461,0.0950304,0.21639422,0.37374625,0.380195,0.77898985,0.18419941,0.004466404,0.001945639,0.0013093294,0.0014316967,0.0,7.397311e-05,0.005239762,0.019491915,0.01051651,0.0023671396,0.0011712409,0.0006411003,0.000665758,0.00071507343,0.0010972678,0.0013068583,0.0017506969,0.0019849453,0.0074589555,0.008395948,0.010763087,0.012587758,0.016249428,0.026248125,0.06258125,0.099074654,0.06990459,0.10586785,0.1989137,0.40062603,0.38904926,0.7579038,0.20597813,0.0027986495,0.001331516,0.0011958986,0.0,9.8853234e-05,0.0074139927,0.022637391,0.0059435507,0.0018411415,0.0009761757,0.0007537559,0.000679616,0.00060547603,0.0008402525,0.0013963019,0.0014827985,0.0016681483,0.0025701842,0.0066231666,0.008229531,0.01019424,0.012690284,0.01665677,0.02692515,0.07505432,0.11379243,0.088238865,0.12980665,0.2953117,0.37465376,0.44461712,0.72603995,0.04882114,0.001680505,0.0011738822,0.6368472910522321,1.677241287621895,2.4803544239193096,3.1192632767061044,5.926241193335566,3.973062429783959,-6.66200702693188,10.358957110241354,0.4680263372472277,0.9044762156862827,0.14325853970316116,0.9944001964772415,0.020523009197882205,logam
4.2339292e-05,0.001016143,0.0047420007,0.006280328,0.0076492983,0.009187626,0.009695698,0.012024359,0.015623198,0.020224068,0.040899754,0.040984433,0.031966165,0.029185884,0.028875396,0.03367385,0.034562975,0.053841464,0.03896626,0.037540838,0.0549564,0.15788321,0.30694574,0.55947137,0.52451324,0.49415597,0.17217977,0.00834084,0.006576703,0.006280328,0.007592846,0.01886921,0.0,0.0004074456,0.0033515687,0.0045739054,0.0061642574,0.0070317225,0.00721573,0.008240916,0.009502683,0.012801678,0.016337253,0.020345993,0.032608792,0.03422543,0.02708856,0.026983414,0.03021669,0.03464602,0.04596249,0.05417712,0.03935136,0.050733548,0.10905084,0.40847078,0.5389454,0.5633264,0.44352424,0.010383291,0.005756812,0.0067557106,0.007058009,0.018860787,0.0,0.0007452486,0.0027680662,0.005057044,0.0057756766,0.0067205452,0.0072129415,0.00822435,0.009528535,0.011817513,0.015756683,0.018963914,0.02314263,0.031087512,0.028266214,0.023688259,0.02528522,0.03135367,0.039538097,0.04841454,0.05938034,0.048707318,0.07141078,0.22747383,0.52022344,0.55647445,0.5559288,0.19481596,0.006307997,0.0071464013,0.006307997,0.018937299,0.4576644264397959,1.1648944813236195,3.118542678343112,3.622467346029149,7.044024634823335,4.386225154793736,7.329636041606971,37.37944899706458,1.559202747879974,0.8224614069767556,0.1233868830388603,0.9845016604988902,0.015224322906045392,logam
2.72155e-05,0.00036740923,0.005116514,0.015172641,0.015907459,0.013308379,0.010069734,0.0091308,0.011566587,0.011280824,0.010110558,0.024180971,0.02128252,0.01989453,0.018479325,0.022153417,0.02818165,0.037421312,0.046103057,0.049328092,0.04004761,0.0405647,0.053355988,0.37903026,0.3913861,0.53551936,0.55139965,0.30979404,0.0011294432,0.000816465,0.00096615026,0.0022997097,2.3983515e-05,0.0008154395,0.0074948487,0.012039725,0.014605961,0.00948548,0.012363502,0.0117639145,0.00948548,0.008214354,0.00804647,0.006979203,0.0075548072,0.013622637,0.014881771,0.01555331,0.01705228,0.017963653,0.02258048,0.028072705,0.038025863,0.056325287,0.042978458,0.036790714,0.049849737,0.4788069,0.5570651,0.62829614,0.22731575,0.000791456,0.0009833241,0.0018467307,0.0,0.00021424708,0.0030558398,0.009911746,0.011479133,0.009133691,0.007690342,0.0077805514,0.007882037,0.008355636,0.0077692755,0.0076226853,0.007306953,0.0072731245,0.011242333,0.013959888,0.013486289,0.01694807,0.017985478,0.020669205,0.025517954,0.03647838,0.055478714,0.044428077,0.038384054,0.059380267,0.5808125,0.4893967,0.6368212,0.056775473,0.0007103982,0.0030332876,0.6638784152214169,1.7093810098604174,3.275590714409767,4.289502727095786,8.375382875651562,5.645663971221613,-8.124610973430915,18.483279313437706,0.9048077707110243,0.8576203095827327,0.14485787116634055,0.9935974242986091,0.02098380283884412,logam
1.4517042e-05,0.00039196011,0.0057777828,0.010539372,0.0154606495,0.023982152,0.026827494,0.02187718,0.017260762,0.014996104,0.024490248,0.028134026,0.029992208,0.035247378,0.03382471,0.027248487,0.02797434,0.030805163,0.03797658,0.041446153,0.05587609,0.044930242,0.05609385,0.19262663,0.33804384,0.3973169,0.56882125,0.560953,0.17671594,0.0023662779,0.0018436643,0.004311561,0.0,0.00014265055,0.005835704,0.011788122,0.019737648,0.028179966,0.022746278,0.015328449,0.012280915,0.010076316,0.0074437647,0.0075086057,0.013240564,0.017455239,0.01679386,0.018985491,0.02279815,0.028828379,0.029930677,0.03218715,0.037283666,0.050679848,0.057176933,0.055957917,0.057345517,0.3298729,0.50207806,0.5376888,0.5736108,0.020334186,0.0018674253,0.0044740397,0.0,0.0,0.0028112724,0.0083325105,0.0149428,0.018627847,0.016880298,0.016044514,0.015905216,0.01423365,0.0117389625,0.008205877,0.0071041617,0.0118782595,0.016690347,0.015335364,0.015601296,0.018944431,0.025060847,0.033874568,0.035356183,0.038673993,0.049526516,0.06376017,0.06003713,0.080197245,0.46369535,0.49545512,0.6729325,0.24981068,0.0033557983,0.004710781,0.728277639770819,2.1010490353711213,3.301420692275361,4.582090861540033,8.889210131953993,6.411931331616238,-8.545714059938822,21.26502874266145,1.0164760681669929,0.8368098457691858,0.12793675970135732,0.9942984310391187,0.016367814482882846,logam
